{"cameraMode":{"drawMode":0,"name":"Shaded","section":"Shading Mode"},"sceneLighting":true,"audioPlay":false,"sceneViewState":{"showFog":true,"showMaterialUpdate":true,"showSkybox":false,"showFlares":true,"showImageEffects":true,"showParticleSystems":true},"in2DMode":false,"pivot":{"x":-142.69821166992188,"y":23.60000228881836,"z":-164.60000610351563},"rotation":{"x":0.2861327826976776,"y":-0.0359213687479496,"z":0.010734780691564083,"w":0.9574572443962097},"size":800.2074584960938,"orthographic":false}