{"cameraMode":{"drawMode":0,"name":"Shaded","section":"Shading Mode"},"sceneLighting":true,"audioPlay":false,"sceneViewState":{"showFog":true,"showMaterialUpdate":true,"showSkybox":true,"showFlares":true,"showImageEffects":true,"showParticleSystems":true},"in2DMode":false,"pivot":{"x":-21.818450927734376,"y":-289.35015869140627,"z":-38.3062744140625},"rotation":{"x":0.28975701332092287,"y":-0.30207309126853945,"z":0.09692172706127167,"w":0.9030050039291382},"size":782.3434448242188,"orthographic":false}