{"cameraMode":{"drawMode":0,"name":"Shaded","section":"Shading Mode"},"sceneLighting":true,"audioPlay":false,"sceneViewState":{"showFog":true,"showMaterialUpdate":true,"showSkybox":true,"showFlares":true,"showImageEffects":true,"showParticleSystems":true},"in2DMode":false,"pivot":{"x":623.09033203125,"y":174.0203094482422,"z":-313.57861328125},"rotation":{"x":0.08516825735569,"y":0.07285362482070923,"z":-0.006246732547879219,"w":0.9936944842338562},"size":91.55868530273438,"orthographic":false}