{"cameraMode":{"drawMode":0,"name":"Shaded","section":"Shading Mode"},"sceneLighting":true,"audioPlay":false,"sceneViewState":{"showFog":true,"showMaterialUpdate":true,"showSkybox":true,"showFlares":true,"showImageEffects":true,"showParticleSystems":true},"in2DMode":false,"pivot":{"x":-90.83351135253906,"y":-74.73677062988281,"z":54.50310516357422},"rotation":{"x":0.2551233172416687,"y":0.014197948388755322,"z":-0.003753477707505226,"w":0.966812014579773},"size":66.19036865234375,"orthographic":false}