{"cameraMode":{"drawMode":0,"name":"Shaded","section":"Shading Mode"},"sceneLighting":true,"audioPlay":false,"sceneViewState":{"showFog":true,"showMaterialUpdate":true,"showSkybox":true,"showFlares":true,"showImageEffects":true,"showParticleSystems":true},"in2DMode":false,"pivot":{"x":-94.4375991821289,"y":-483.838134765625,"z":-273.2713928222656},"rotation":{"x":-0.009743292815983296,"y":0.9307254552841187,"z":-0.364747017621994,"w":-0.02485879883170128},"size":1222.66259765625,"orthographic":false}