{"cameraMode":{"drawMode":0,"name":"Shaded","section":"Shading Mode"},"sceneLighting":true,"audioPlay":false,"sceneViewState":{"showFog":true,"showMaterialUpdate":true,"showSkybox":true,"showFlares":true,"showImageEffects":true,"showParticleSystems":true},"in2DMode":false,"pivot":{"x":-94.18742370605469,"y":-116.67573547363281,"z":25.37628173828125},"rotation":{"x":0.1748424917459488,"y":0.11637590080499649,"z":-0.020816432312130929,"w":0.9774739146232605},"size":1027.19140625,"orthographic":false}