{"cameraMode":{"drawMode":0,"name":"Shaded","section":"Shading Mode"},"sceneLighting":true,"audioPlay":false,"sceneViewState":{"showFog":true,"showMaterialUpdate":true,"showSkybox":true,"showFlares":true,"showImageEffects":true,"showParticleSystems":true},"in2DMode":false,"pivot":{"x":-87.98706817626953,"y":-49.985755920410159,"z":48.563873291015628},"rotation":{"x":0.13507340848445893,"y":0.12007399648427963,"z":-0.016492709517478944,"w":0.983395516872406},"size":136.5208740234375,"orthographic":false}